Model,ExceedanceProbability,ModelFrequeny
RR,0,0.00400005060059407
WSLS,0,0.00400034184719226
RW,1,0.80519921858976
RW-CK,0,0.0975811755088768
CK,0,0.0892192134535771
