Model,ExceedanceProbability,ModelFrequeny
Null,0,0.00400006158453131
WSLS,0,0.00400040812063615
RW,0.99998,0.717418844563088
RW-CK,0,0.106419267757992
CK,2e-05,0.168161417973753
