Model,ExceedanceProbability,ModelFrequeny
Null,0,0.00400006158453131
WSLS,0,0.00400040812063612
RW,0.99998,0.717418844678724
RW-CK,0,0.106419267627497
CK,2e-05,0.168161417988612
